Chain,Residue,Degree,Betweenness,Role
A,25,1,0.0,Normal
A,26,2,0.01784091935894592,Normal
A,50,3,0.08249172290918022,Normal
A,51,2,0.01784091935894592,Normal
A,54,4,0.27534721234910986,Hub
A,55,1,0.0,Normal
A,57,1,0.0,Normal
A,58,2,0.027331710510636726,Normal
A,61,2,0.027331710510636726,Normal
A,62,3,0.08615523992240143,Normal
A,67,1,0.0,Normal
A,70,1,0.0,Normal
A,71,1,0.0,Normal
A,72,4,0.1773021381515633,Hub
A,73,2,0.02934781481494284,Normal
A,75,1,0.0,Normal
A,91,1,0.0,Normal
A,93,4,0.17069558764502396,Hub
A,94,2,0.02934781481494284,Normal
A,96,4,0.2013267160549223,Hub
A,99,2,0.0101010101010101,Normal
A,100,2,0.054313102036062176,Normal
A,103,1,0.0,Normal
A,104,1,0.0,Normal
B,17,5,0.12745098039215685,Hub
B,18,1,0.0,Normal
B,19,7,0.23256459675144792,Hub
B,20,1,0.0,Normal
B,22,5,0.24673082846428088,Hub
B,23,10,0.411484789183193,Hub
B,25,1,0.0,Normal
B,26,4,0.09038537766632422,Hub
B,27,4,0.20912535249514821,Bottleneck
B,28,4,0.14756009329064354,Bottleneck
B,29,6,0.13541099423452366,Hub
