Residue1,Residue2,Distance
A25,B29,4.862036
A26,B29,4.2188587
A26,B28,4.813697
A50,B29,4.40004
A50,B28,4.953507
A50,B27,3.2925828
A51,B29,4.7558827
A51,B28,4.947528
A54,B23,4.7478023
A54,B26,3.8815334
A54,B27,4.647381
A54,B28,4.2312613
A55,B23,4.734188
A57,B23,4.2117014
A58,B23,4.8768954
A58,B19,4.4474707
A61,B19,4.3417554
A61,B23,3.856246
A62,B19,4.901837
A62,B20,4.7370806
A62,B23,4.8245516
A67,B19,4.8251657
A70,B17,4.3893
A71,B17,4.9242563
A72,B17,4.7013316
A72,B19,3.8268833
A72,B22,4.382518
A72,B18,4.583346
A73,B22,4.72831
A73,B17,4.5771604
A75,B19,4.3059983
A91,B23,4.7411003
A93,B26,4.8897676
A93,B22,4.358747
A93,B23,4.393811
A93,B19,4.1402054
A94,B22,4.8192515
A94,B17,4.299268
A96,B26,4.929175
A96,B27,4.813905
A96,B25,4.1021156
A96,B22,4.5973096
A99,B26,4.261787
A99,B23,4.2871447
A100,B27,4.811907
A100,B29,2.6808958
A103,B23,4.520076
A104,B29,4.9067187
